ID,FirstName,LastName,Email
1,Arka,Bhuiyan,arka.bhuiyan@bjitgroup.com
2,Farhan,Zaman,farhan.zaman@bjitgroup.com
3,Nipa,Howladar,nipa.howladar@bjitgroup.com
4,Akif,Azwad,akif.azwad@bjitgroup.com
5,Riazul,Rana,riazul.rana@bjitgroup.com
6,Zareen,Zia,zareen.zia@bjitgroup.com
7,Faiaz,Mursalin,faiaz.mursalin@bjitgroup.com
8,Saif,Sohel,saif.sohel@bjitgroup.com
9,Iftekhar,Alam,iftekhar.alam@bjitgroup.com
10,Somoy,Subandhu,somoy.subandhu@bjitgroup.com
